<?xml version='1.0'?>
<bidi:Schema xmlns:bidi='http://schemas.microsoft.com/windows/2005/03/printing/bidi'>
  <Property name='Printer'>
    <Property name='Configuration'>
      <!-- ~~~~~ Memory Queries ~~~~~ -->
      <!-- "\Printer.Configuration.Memory:Size" Returns integer (Memory size in KB) -->
      <Property name='Memory'>
        <Value name='Size' oid='1.3.6.1.4.1.1347.43.5.1.1.11' type='BIDI_INT' deviceIndex='true' refreshInterval='600' drvPrinterEvent='true'/>
      </Property>

      <!-- "\Printer.Configuration.MemoryAlt:Size" Returns integer (Memory size in KB)  *alternate memory query-->
      <Property name='MemoryAlt'>
        <Value name='Size' oid='1.3.6.1.4.1.1347.43.5.1.1.11' type='BIDI_INT' refreshInterval='600' drvPrinterEvent='true'/>
      </Property>

      <!-- ~~~~~ Duplex Queries ~~~~~ -->
      <!-- "\Printer.Configuration.DuplexUnit:Installed" Returns Boolean -->
      <Property name='DuplexUnit'>
        <Installed name='Installed' oid='1.3.6.1.2.1.43.13.4.1.9' deviceIndex='true' refreshInterval='600' drvPrinterEvent='true'>
          <Lookup value='3'/>
          <Lookup value='4'/>
        </Installed>
      </Property>

      <!-- ~~~~~ Disk Type Queries ~~~~~ -->
      <!-- "\Printer.Configuration.HardDisk:Installed" Returns Boolean -->
      <Property name='HardDisk'>
        <Installed name='Installed' oid='1.3.6.1.2.1.25.3.2.1.3' deviceIndex='false' refreshInterval='600' drvPrinterEvent='true'>
          <Lookup value='HDD'/>
        </Installed>
      </Property>

      <!-- "\Printer.Configuration.RAMDisk:Installed" Returns Boolean -->
      <Property name='RAMDisk'>
        <Installed name='Installed' oid='1.3.6.1.2.1.25.3.2.1.3' deviceIndex='false' refreshInterval='600' drvPrinterEvent='true'>
          <Lookup value='RAM DISK'/>
        </Installed>
      </Property>

      <!-- ~~~~~ Memory Device Queries ~~~~~ -->
      <!-- "\Printer.Configuration.SDCard:Installed" Returns Boolean -->
      <Property name='SDCard'>
        <Installed name='Installed' oid='1.3.6.1.4.1.1347.43.20.1.1.2.1' deviceIndex='false' refreshInterval='600' drvPrinterEvent='true'>
          <Lookup value='9'/>
        </Installed>
      </Property>
    </Property>

    <Property name='Layout'>
      <Property name='InputBin'>
        <!-- ~~~~~ Paper Feeder Queries ~~~~~ -->
        <!-- "\Printer.Layout.InputBin.500Cassette:Installed" Returns Boolean -->
        <Property name='500Cassette'>
          <Installed name='Installed' oid='1.3.6.1.4.1.1347.43.23.1.1.3' deviceIndex='true' refreshInterval='600' drvPrinterEvent='true'>
            <!-- List all 500 sheet Cassette model numbers -->
            <Lookup value='PF-470'/>
            <Lookup value='PF-780'/>
            <Lookup value='PF-320'/>
            <Lookup value='PF-480'/>
            <Lookup value='PF-500'/>
            <Lookup value='PF-520'/>
            <Lookup value='PF-4100'/>
			<Lookup value='PF-4200'/>
            <Lookup value='PF-5100'/>
            <Lookup value='PF-5120'/>
            <Lookup value='PF-7130'/>
			<Lookup value='PF-3110'/>
          </Installed>
        </Property>

        <!-- "\Printer.Layout.InputBin.Dual500Cassette:Installed" Returns Boolean -->
        <Property name='Dual500Cassette'>
          <Installed name='Installed' oid='1.3.6.1.4.1.1347.43.23.1.1.3' deviceIndex='true' refreshInterval='600' drvPrinterEvent='true'>
            <!-- List all 500 sheet x 2 Cassette model numbers -->
            <Lookup value='PF-710'/>
            <Lookup value='PF-70'/>
            <Lookup value='PF-700'/>
            <Lookup value='PF-670'/>
            <Lookup value='PF-720'/>
            <Lookup value='PF-720(B)'/>
            <Lookup value='PF-680'/>
            <Lookup value='PF-471'/>
            <Lookup value='PF-730'/>
            <Lookup value='PF-791'/>
            <Lookup value='PF-5130'/>
            <Lookup value='PF-7100'/>
			<Lookup value='PF-7140'/>
          </Installed>
        </Property>

        <!-- "\Printer.Layout.InputBin.Dual1500Cassette:Installed" Returns Boolean -->
        <Property name='Dual1500Cassette'>
          <Installed name='Installed' oid='1.3.6.1.4.1.1347.43.23.1.1.3' deviceIndex='true' refreshInterval='600' drvPrinterEvent='true'>
            <!-- List all 1500 sheet x 2 Cassette model numbers -->
            <Lookup value='PF-740'/>
            <Lookup value='PF-810'/>
            <Lookup value='PF-7110'/>
			<Lookup value='PF-7150'/>
          </Installed>
        </Property>

        <!-- "\Printer.Layout.InputBin.250Cassette:Installed" Returns Boolean -->
        <Property name='250Cassette'>
          <Installed name='Installed' oid='1.3.6.1.4.1.1347.43.23.1.1.3' deviceIndex='true' refreshInterval='600' drvPrinterEvent='true'>
            <!-- List all 250 sheet Cassette model numbers -->
            <Lookup value='PF-1100'/>
            <Lookup value='PF-5110'/>
          </Installed>
        </Property>


        <!-- "\Printer.Layout.InputBin.2000Cassette:Installed" Returns Boolean -->
        <Property name='2000Cassette'>
          <Installed name='Installed' oid='1.3.6.1.4.1.1347.43.23.1.1.3' deviceIndex='true' refreshInterval='600' drvPrinterEvent='true'>
            <!-- List all 2000 Cassette model numbers -->
            <Lookup value='PF-5140'/>
          </Installed>
        </Property>

        <!-- "\Printer.Layout.InputBin.MultiPurposeCassette:Installed" Returns Boolean -->
        <Property name='MultiPurposeCassette'>
          <Installed name='Installed' oid='1.3.6.1.4.1.1347.43.23.1.1.3' deviceIndex='true' refreshInterval='600' drvPrinterEvent='true'>
            <!-- List all MultiPurpose Cassette model numbers -->
            <Lookup value='PF-510'/>
            <Lookup value='PF-530'/>
          </Installed>
        </Property>

        <!-- "\Printer.Layout.InputBin.LargeCapacityCassette:Installed" Returns Boolean -->
        <Property name='LargeCapacityCassette'>
          <Installed name='Installed' oid='1.3.6.1.4.1.1347.43.23.1.1.3' deviceIndex='true' refreshInterval='600' drvPrinterEvent='true'>
            <!-- List all 3000 sheet Cassette model numbers -->
            <Lookup value='PF-750'/>
            <Lookup value='PF-75'/>
            <Lookup value='PF-760'/>
            <Lookup value='PF-760(B)'/>
          </Installed>
        </Property>

        <!-- "\Printer.Layout.InputBin.SideFeeder:Installed" Returns Boolean -->
        <Property name='SideFeeder'>
          <Installed name='Installed' oid='1.3.6.1.4.1.1347.43.23.1.1.3' deviceIndex='true' refreshInterval='600' drvPrinterEvent='true'>
            <!-- List all Side Feeder model numbers -->
            <Lookup value='PF-650'/>
            <Lookup value='PF-770'/>
            <Lookup value='PF-7120'/>
          </Installed>
        </Property>

        <!-- "\Printer.Layout.InputBin.Inserter:Installed" Returns Boolean -->
        <Property name='Inserter'>
          <Installed name='Installed' oid='1.3.6.1.4.1.1347.43.23.1.1.3' deviceIndex='true' refreshInterval='600' drvPrinterEvent='true'>
          <!-- List all Inserter model numbers -->
            <Lookup value='IS-7100'/>
          </Installed>
        </Property>  

        <!-- "\Printer.Layout.InputBin.LargePaperSideFeeder:Installed" Returns Boolean -->
        <Property name='LargePaperSideFeeder'>
          <Installed name='Installed' oid='1.3.6.1.4.1.1347.43.23.1.1.3' deviceIndex='true' refreshInterval='600' drvPrinterEvent='true'>
            <!-- List all Large-paper Side Feeder model numbers -->
            <Lookup value='PF-660'/>
          </Installed>
        </Property>

        <!-- "\Printer.Layout.InputBin.MPTray:Replaced" Returns Boolean -->
        <Property name='MPTray'>
          <Installed name='Replaced' oid='1.3.6.1.2.1.43.8.2.1.18' deviceIndex='true' refreshInterval='600' drvPrinterEvent='true'>
            <!-- List up all paper feeders that would replace MPTray here -->
            <Lookup value='Envelope Feeder'/>
            <Lookup value='Bulk Feeder'/>
          </Installed>
        </Property>

        <!-- "\Printer.Layout.InputBin.PaperFeederXXX:Installed" Returns String -->
        <IndexedProperty name='PaperFeeder'>
          <Converter name='Installed' oid='1.3.6.1.4.1.1347.43.23.1.1.3' deviceIndex='true' refreshInterval='600' drvPrinterEvent='true'>
            <!-- Convert all Standard Cassette model numbers to 'TRUE' -->
            <Conversion mibValue='PF-17' bidiValue='TRUE'/>
            <Conversion mibValue='PF-60' bidiValue='TRUE'/>
            <Conversion mibValue='PF-5' bidiValue='TRUE'/>
            <Conversion mibValue='PF-9' bidiValue='TRUE'/>
            <Conversion mibValue='PF-16' bidiValue='TRUE'/>
            <Conversion mibValue='PF-20' bidiValue='TRUE'/>
            <Conversion mibValue='PF-20M' bidiValue='TRUE'/>
            <Conversion mibValue='PF-21' bidiValue='TRUE'/>
            <Conversion mibValue='PF-21M' bidiValue='TRUE'/>
            <Conversion mibValue='PF-25' bidiValue='TRUE'/>
            <Conversion mibValue='PF-26' bidiValue='TRUE'/>
            <Conversion mibValue='PF-640' bidiValue='TRUE'/>
            <Conversion mibValue='PF-80' bidiValue='TRUE'/>
            <Conversion mibValue='PF-81' bidiValue='TRUE'/>
            <Conversion mibValue='PF-400' bidiValue='TRUE'/>
            <Conversion mibValue='PF-410' bidiValue='TRUE'/>
            <Conversion mibValue='PF-420' bidiValue='TRUE'/>
            <Conversion mibValue='PF-640' bidiValue='TRUE'/>
            <Conversion mibValue='PF-120' bidiValue='TRUE'/>
            <Conversion mibValue='PF-100' bidiValue='TRUE'/>
            <Conversion mibValue='PF-500' bidiValue='TRUE'/>
            <Conversion mibValue='PF-520' bidiValue='TRUE'/>
            <Conversion mibValue='PF-470' bidiValue='TRUE'/>
            <Conversion mibValue='PF-471' bidiValue='TRUE'/>
            <Conversion mibValue='PF-330' bidiValue='TRUE'/>
            <Conversion mibValue='PF-310' bidiValue='TRUE'/>
            <Conversion mibValue='PF-430' bidiValue='TRUE'/>
            <Conversion mibValue='PF-320' bidiValue='TRUE'/>
            <Conversion mibValue='PF-4100' bidiValue='TRUE'/>
            <Conversion mibValue='PF-5100' bidiValue='TRUE'/>
            <Conversion mibValue='PF-5120' bidiValue='TRUE'/>
            <Conversion mibValue='PF-5140' bidiValue='TRUE'/>
            <!-- Convert all Multipurpose Cassette model numbers to 'FALSE' -->
            <Conversion mibValue='PF-510' bidiValue='FALSE'/>
            <Conversion mibValue='PF-530' bidiValue='FALSE'/>
          </Converter>
        </IndexedProperty>

        <!-- "\Printer.Layout.InputBin.MultiPurposePaperFeederXXX:Installed" Returns String -->
        <IndexedProperty name='MultiPurposePaperFeeder'>
          <Converter name='Installed' oid='1.3.6.1.4.1.1347.43.23.1.1.3' deviceIndex='true' refreshInterval='600' drvPrinterEvent='true'>
            <!-- Convert all Multipurpose Cassette model numbers to 'TRUE' -->
            <Conversion mibValue='PF-510' bidiValue='TRUE'/>
            <Conversion mibValue='PF-530' bidiValue='TRUE'/>
            <!-- Convert all Standard Cassette model numbers to 'FALSE' -->
            <Conversion mibValue='PF-17' bidiValue='FALSE'/>
            <Conversion mibValue='PF-60' bidiValue='FALSE'/>
            <Conversion mibValue='PF-5' bidiValue='FALSE'/>
            <Conversion mibValue='PF-9' bidiValue='FALSE'/>
            <Conversion mibValue='PF-16' bidiValue='FALSE'/>
            <Conversion mibValue='PF-20' bidiValue='FALSE'/>
            <Conversion mibValue='PF-20M' bidiValue='FALSE'/>
            <Conversion mibValue='PF-21' bidiValue='FALSE'/>
            <Conversion mibValue='PF-21M' bidiValue='FALSE'/>
            <Conversion mibValue='PF-25' bidiValue='FALSE'/>
            <Conversion mibValue='PF-26' bidiValue='FALSE'/>
            <Conversion mibValue='PF-640' bidiValue='FALSE'/>
            <Conversion mibValue='PF-80' bidiValue='FALSE'/>
            <Conversion mibValue='PF-81' bidiValue='FALSE'/>
            <Conversion mibValue='PF-400' bidiValue='FALSE'/>
            <Conversion mibValue='PF-410' bidiValue='FALSE'/>
            <Conversion mibValue='PF-420' bidiValue='FALSE'/>
            <Conversion mibValue='PF-640' bidiValue='FALSE'/>
            <Conversion mibValue='PF-120' bidiValue='FALSE'/>
            <Conversion mibValue='PF-100' bidiValue='FALSE'/>
            <Conversion mibValue='PF-500' bidiValue='FALSE'/>
            <Conversion mibValue='PF-520' bidiValue='FALSE'/>
            <Conversion mibValue='PF-470' bidiValue='FALSE'/>
            <Conversion mibValue='PF-471' bidiValue='FALSE'/>
            <Conversion mibValue='PF-330' bidiValue='FALSE'/>
            <Conversion mibValue='PF-310' bidiValue='FALSE'/>
            <Conversion mibValue='PF-430' bidiValue='FALSE'/>
            <Conversion mibValue='PF-320' bidiValue='FALSE'/>
            <Conversion mibValue='PF-4100' bidiValue='FALSE'/>
            <Conversion mibValue='PF-5100' bidiValue='FALSE'/>
            <Conversion mibValue='PF-5120' bidiValue='FALSE'/>
            <Conversion mibValue='PF-5140' bidiValue='FALSE'/>
          </Converter>
        </IndexedProperty>

        <!-- "\Printer.Layout.InputBin.TwoCassettePaperFeederXXX:Installed" Returns String -->
        <IndexedProperty name='TwoCassettePaperFeeder'>
          <Converter name='Installed' oid='1.3.6.1.4.1.1347.43.23.1.1.3' deviceIndex='true' refreshInterval='600' drvPrinterEvent='true'>
            <!-- Convert all Dual Cassette model numbers to 'TRUE' -->
            <Conversion mibValue='PF-30A' bidiValue='TRUE'/>
            <Conversion mibValue='PF-730' bidiValue='TRUE'/>
            <Conversion mibValue='PF-790' bidiValue='TRUE'/>
            <Conversion mibValue='PF-791' bidiValue='TRUE'/>
            <Conversion mibValue='PF-5130' bidiValue='TRUE'/>
            <!-- Convert all Dual Large Capacity Cassette model numbers to 'FALSE' -->
            <Conversion mibValue='PF-740' bidiValue='FALSE'/>
            <Conversion mibValue='PF-810' bidiValue='FALSE'/>
          </Converter>
        </IndexedProperty>

        <!-- "\Printer.Layout.InputBin.TwoLargeCapacityCassettePaperFeederXXX:Installed" Returns String -->
        <IndexedProperty name='TwoLargeCapacityCassettePaperFeeder'>
          <Converter name='Installed' oid='1.3.6.1.4.1.1347.43.23.1.1.3' deviceIndex='true' refreshInterval='600' drvPrinterEvent='true'>
            <!-- Convert all Dual Large Capacity Cassette model numbers to 'TRUE' -->
            <Conversion mibValue='PF-740' bidiValue='TRUE'/>
            <Conversion mibValue='PF-810' bidiValue='TRUE'/>
            <!-- Convert all Dual Cassette model numbers to 'FALSE' -->
            <Conversion mibValue='PF-30A' bidiValue='FALSE'/>
            <Conversion mibValue='PF-730' bidiValue='FALSE'/>
            <Conversion mibValue='PF-790' bidiValue='FALSE'/>
            <Conversion mibValue='PF-791' bidiValue='FALSE'/>
            <Conversion mibValue='PF-5130' bidiValue='FALSE'/>
          </Converter>
        </IndexedProperty>

        <!-- "\Printer.Layout.InputBin.ThreeCassetteSideFeederXXX:Installed" Returns String -->
        <IndexedProperty name='ThreeCassetteSideFeeder'>
          <Converter name='Installed' oid='1.3.6.1.4.1.1347.43.23.1.1.3' deviceIndex='true' refreshInterval='600' drvPrinterEvent='true'>
            <!-- Convert all Three Cassette Side Feeder model numbers to 'TRUE' -->
            <Conversion mibValue='PF-730' bidiValue='TRUE'/>
            <!-- Convert all Three Cassette Large Capacity Side Feeder model numbers to 'FALSE' -->
            <Conversion mibValue='PF-740' bidiValue='FALSE'/>
          </Converter>
        </IndexedProperty>

        <!-- "\Printer.Layout.InputBin.ThreeCassetteLargeCapacitySideFeederXXX:Installed" Returns String -->
        <IndexedProperty name='ThreeCassetteLargeCapacitySideFeeder'>
          <Converter name='Installed' oid='1.3.6.1.4.1.1347.43.23.1.1.3' deviceIndex='true' refreshInterval='600' drvPrinterEvent='true'>
            <!-- Convert all Three Cassette Large Capacity Side Feeder model numbers to 'TRUE' -->
            <Conversion mibValue='PF-740' bidiValue='TRUE'/>
            <!-- Convert all Three Cassette Side Feeder model numbers to 'FALSE' -->
            <Conversion mibValue='PF-730' bidiValue='FALSE'/>
          </Converter>
        </IndexedProperty>

        <!-- "\Printer.Layout.InputBin.EnvelopeFeeder:Installed" Returns Boolean -->
        <Property name='EnvelopeFeeder'>
          <Installed name='Installed' oid='1.3.6.1.2.1.43.8.2.1.18' deviceIndex='true' refreshInterval='600' drvPrinterEvent='true'>
            <Lookup value='Envelope Feeder'/>
          </Installed>
        </Property>

        <!-- "\Printer.Layout.InputBin.BulkFeeder:Installed" Returns Boolean -->
        <Property name='BulkFeeder'>
          <Installed name='Installed' oid='1.3.6.1.2.1.43.8.2.1.18' deviceIndex='true' refreshInterval='600' drvPrinterEvent='true'>
            <Lookup value='Bulk Feeder'/>
			<Lookup value='PF-3100'/>
          </Installed>
        </Property>

        <!-- "\Printer.Layout.InputBin.CassetteTwo:Installed" Returns Boolean -->
        <Property name='CassetteTwo'>
          <Installed name='Installed' oid='1.3.6.1.2.1.43.8.2.1.18' deviceIndex='true' refreshInterval='600' drvPrinterEvent='true'>
            <Lookup value='Cassette 2'/>
          </Installed>
        </Property>

        <!-- "\Printer.Layout.InputBin.CassetteThree:Installed" Returns Boolean -->
        <Property name='CassetteThree'>
          <Installed name='Installed' oid='1.3.6.1.2.1.43.8.2.1.18' deviceIndex='true' refreshInterval='600' drvPrinterEvent='true'>
            <Lookup value='Cassette 3'/>
          </Installed>
        </Property>

        <!-- "\Printer.Layout.InputBin.CassetteFour:Installed" Returns Boolean -->
        <Property name='CassetteFour'>
          <Installed name='Installed' oid='1.3.6.1.2.1.43.8.2.1.18' deviceIndex='true' refreshInterval='600' drvPrinterEvent='true'>
            <Lookup value='Cassette 4'/>
          </Installed>
        </Property>

        <!-- "\Printer.Layout.InputBin.CassetteFive:Installed" Returns Boolean -->
        <Property name='CassetteFive'>
          <Installed name='Installed' oid='1.3.6.1.2.1.43.8.2.1.18' deviceIndex='true' refreshInterval='600' drvPrinterEvent='true'>
            <Lookup value='Cassette 5'/>
          </Installed>
        </Property>

        <!-- "\Printer.Layout.InputBin.CassetteSix:Installed" Returns Boolean -->
        <Property name='CassetteSix'>
          <Installed name='Installed' oid='1.3.6.1.2.1.43.8.2.1.18' deviceIndex='true' refreshInterval='600' drvPrinterEvent='true'>
            <Lookup value='Cassette 6'/>
          </Installed>
        </Property>

        <!-- "\Printer.Layout.InputBin.CassetteSeven:Installed" Returns Boolean -->
        <Property name='CassetteSeven'>
          <Installed name='Installed' oid='1.3.6.1.2.1.43.8.2.1.18' deviceIndex='true' refreshInterval='600' drvPrinterEvent='true'>
            <Lookup value='Cassette 7'/>
          </Installed>
        </Property>
      </Property>
    </Property>

    <Property name='Finishing'>
      <!-- ~~~~~ Document Finisher Queries ~~~~~ -->
      <!-- "\Printer.Finishing.4000Finisher:Installed" Returns Boolean -->
      <Property name='4000Finisher'>
        <Installed name='Installed' oid='1.3.6.1.4.1.1347.43.23.1.1.3' deviceIndex='true' refreshInterval='600' drvPrinterEvent='true'>
          <!-- List all 4000 Sheet Finisher model numbers -->
          <Lookup value='DF-790'/>
          <Lookup value='DF-790(B)'/>
          <Lookup value='DF-7110'/>
          <Lookup value='DF-790(C)'/>
		  <Lookup value='DF-7140'/>
		  <Lookup value='Document Finisher with Punch Unit'/>
        </Installed>
      </Property>	
	  <!-- "\Printer.Finishing.4000FinisherDF7130:Installed" Returns Boolean -->
	  <Property name='4000FinisherDF7130'>
        <Installed name='Installed' oid='1.3.6.1.4.1.1347.43.23.1.1.3' deviceIndex='true' refreshInterval='600' drvPrinterEvent='true'>
          <!-- List all 4000 Sheet Finisher model numbers -->
		  <Lookup value='DF-7130'/>
		  <Lookup value='Document Finisher(Extended Staple) with Punch Unit'/>
        </Installed>
      </Property>	
		<!-- "\Printer.Finishing.4000Finisher100Staple:Installed" Returns Boolean -->
		<Property name='4000Finisher100Staple'>
			<Installed name='Installed' oid='1.3.6.1.2.1.43.9.2.1.9' deviceIndex='true' refreshInterval='600' drvPrinterEvent='true'>
				<!-- List all 4000 Sheet Finisher 100-sheet staple model numbers -->
				<Lookup value='DF-7130'/>
				<Lookup value='DF-7150'/>
				<Lookup value='Document Finisher(Extended Staple) with Punch Unit'/>
			</Installed>
		</Property>
		<!-- "\Printer.Finishing.4000FinisherDF7110:Installed" Returns Boolean -->
		<Property name='4000FinisherDF7110'>
			<Installed name='Installed' oid='1.3.6.1.2.1.43.9.2.1.9' deviceIndex='true' refreshInterval='600' drvPrinterEvent='true'>
				<Lookup value='DF-7110'/>
				<Lookup value='DF-7140'/>
				<Lookup value='Document Finisher with Punch Unit'/>
			</Installed>
		</Property>

      <!-- "\Printer.Finishing.3000Finisher:Installed" Returns Boolean -->
      <Property name='3000Finisher'>
        <Installed name='Installed' oid='1.3.6.1.4.1.1347.43.23.1.1.3' deviceIndex='true' refreshInterval='600' drvPrinterEvent='true'>
          <!-- List all 3000 Sheet Finisher model numbers -->
          <Lookup value='DF-71U'/>
          <Lookup value='DF-71E'/>
          <Lookup value='DF-71J'/>
          <Lookup value='DF-710'/>
          <Lookup value='DF-35'/>
          <Lookup value='DF-760'/>
          <Lookup value='DF-760(B)'/>
          <Lookup value='DF-791'/>
          <Lookup value='DF-5120'/>
        </Installed>
      </Property>

      <!-- "\Printer.Finishing.1000Finisher:Installed" Returns Boolean -->
      <Property name='1000Finisher'>
        <Installed name='Installed' oid='1.3.6.1.4.1.1347.43.23.1.1.3' deviceIndex='true' refreshInterval='600' drvPrinterEvent='true'>
          <!-- List all 1000 Sheet Finisher model numbers -->
          <Lookup value='DF-73'/>
          <Lookup value='DF-730'/>
          <Lookup value='DF-780'/>
          <Lookup value='DF-780(B)'/>
          <Lookup value='DF-770'/>
          <Lookup value='DF-770(B)'/>
          <Lookup value='DF-770(C)'/>
          <Lookup value='DF-5110'/>
          <Lookup value='DF-770(D)'/>
          <Lookup value='DF-7120'/>
        </Installed>
      </Property>

      <!-- "\Printer.Finishing.500Finisher:Installed" Returns Boolean -->
      <Property name='500Finisher'>
        <Installed name='Installed' oid='1.3.6.1.4.1.1347.43.23.1.1.3' deviceIndex='true' refreshInterval='600' drvPrinterEvent='true'>
          <!-- List all 500 Sheet Finisher model numbers -->
          <Lookup value='DF-470'/>
        </Installed>
      </Property>

      <!-- "\Printer.Finishing.BookletStitcher:Installed" Returns Boolean -->
      <Property name='BookletStitcher'>
        <Installed name='Installed' oid='1.3.6.1.4.1.1347.43.23.1.1.3' deviceIndex='true' refreshInterval='600' drvPrinterEvent='true'>
          <!-- List all Booklet Stitcher Finisher model numbers -->
          <Lookup value='DF-75'/>
        </Installed>
      </Property>

      <!-- "\Printer.Finishing.InnerFinisher:Installed" Returns Boolean -->
      <Property name='InnerFinisher'>
        <Installed name='Installed' oid='1.3.6.1.4.1.1347.43.23.1.1.3' deviceIndex='true' refreshInterval='600' drvPrinterEvent='true'>
          <!-- List all Inner Finisher model numbers -->
          <Lookup value='DF-720'/>
          <Lookup value='DF-78'/>
          <Lookup value='DF-410'/>
          <Lookup value='DF-670'/>
          <Lookup value='DF-420'/>
          <Lookup value='DF-720(B)'/>
          <Lookup value='DF-670(B)'/>
          <Lookup value='DF-5100'/>
          <Lookup value='DF-7100'/>
        </Installed>
      </Property>

      <!-- "\Printer.Finishing.MuliTrayFinisher:Installed" Returns Boolean -->
      <Property name='MuliTrayFinisher'>
        <Installed name='Installed' oid='1.3.6.1.4.1.1347.43.23.1.1.3' deviceIndex='true' refreshInterval='600' drvPrinterEvent='true'>
          <!-- List all Multi-tray Finisher model numbers -->
          <Lookup value='DF-650'/>
        </Installed>
      </Property>

      <!-- ~~~~~ Hole Punch Unit Queries ~~~~~ -->
      <!-- "\Printer.Finishing.PunchingUnit:Installed" This Belongs to KPDL Returns Boolean -->
      <Property name='PunchingUnit'>
        <Installed name='Installed' oid='1.3.6.1.4.1.1347.43.9.4.1.4' deviceIndex='true' refreshInterval='600' drvPrinterEvent='true'>
          <Lookup value='US'/>
          <Lookup value='EU'/>
          <Lookup value='FR'/>
          <Lookup value='JP'/>
          <Lookup value='SE'/>
        </Installed>
      </Property>

      <!-- "\Printer.Finishing.PunchUnitMain:Installed" Returns Boolean -->
      <Property name='PunchUnitMain'>
        <Installed name='Installed' oid='1.3.6.1.4.1.1347.43.9.4.1.2' deviceIndex='true' refreshInterval='600' drvPrinterEvent='true'>
          <Lookup value='main'/>
        </Installed>
      </Property>

      <!-- "\Printer.Finishing.PunchUnitSub:Installed" Returns Boolean -->
      <Property name='PunchUnitSub'>
        <Installed name='Installed' oid='1.3.6.1.4.1.1347.43.9.4.1.2' deviceIndex='true' refreshInterval='600' drvPrinterEvent='true'>
          <Lookup value='sub'/>
        </Installed>
      </Property>

      <!-- "\Printer.Finishing.Punch23Unit:Installed" Returns Boolean -->
      <Property name='Punch23Unit'>
        <Installed name='Installed' oid='1.3.6.1.4.1.1347.43.9.4.1.4' deviceIndex='true' refreshInterval='600' drvPrinterEvent='true'>
          <Lookup value='US'/>
        </Installed>
      </Property>

      <!-- "\Printer.Finishing.Punch2Unit:Installed" Returns Boolean -->
      <Property name='Punch2Unit'>
        <Installed name='Installed' oid='1.3.6.1.4.1.1347.43.9.4.1.4' deviceIndex='true' refreshInterval='600' drvPrinterEvent='true'>
          <Lookup value='JP'/>
        </Installed>
      </Property>

      <!-- "\Printer.Finishing.Punch24Unit:Installed" Returns Boolean -->
      <Property name='Punch24Unit'>
        <Installed name='Installed' oid='1.3.6.1.4.1.1347.43.9.4.1.4' deviceIndex='true' refreshInterval='600' drvPrinterEvent='true'>
          <Lookup value='EU'/>
          <Lookup value='FR'/>
        </Installed>
      </Property>

      <!-- "\Printer.Finishing.Punch4Unit:Installed" Returns Boolean -->
      <Property name='Punch4Unit'>
        <Installed name='Installed' oid='1.3.6.1.4.1.1347.43.9.4.1.4' deviceIndex='true' refreshInterval='600' drvPrinterEvent='true'>
          <Lookup value='SE'/>
        </Installed>
      </Property>

      <Property name='OutputBin'>
        <!-- ~~~~~ Mailbox / Multi Tray Queries ~~~~~ -->
        <!-- "\Printer.Finishing.OutputBin.Mailbox:Installed" Returns Boolean -->
        <Property name='Mailbox'>
          <Installed name='Installed' oid='1.3.6.1.4.1.1347.43.23.1.1.3' deviceIndex='true' refreshInterval='600' drvPrinterEvent='true'>
            <!-- List all Mailbox / Multi Tray model numbers -->
            <Lookup value='M-2107'/>
            <Lookup value='MT-710'/>
            <Lookup value='MT-1'/>
            <Lookup value='MB-720'/>
            <Lookup value='MT-720'/>
            <Lookup value='MT-720(B)'/>
            <Lookup value='MT-730'/>
            <Lookup value='MT-730(B)'/>
          </Installed>
        </Property>

        <!-- "\Printer.Finishing.OutputBin.MainUnitMailbox:Installed" Returns Boolean -->
        <Property name='MainUnitMailbox'>
          <Installed name='Installed' oid='1.3.6.1.4.1.1347.43.23.1.1.3' deviceIndex='true' refreshInterval='600' drvPrinterEvent='true'>
            <!-- List all Mailbox model numbers that attach to main printer unit -->
            <Lookup value='MT-730(B)'/>
            <Lookup value='MT-5100'/>
          </Installed>
        </Property>

        <!-- "\Printer.Finishing.OutputBin.FinisherMailbox:Installed" Returns Boolean -->
        <Property name='FinisherMailbox'>
          <Installed name='Installed' oid='1.3.6.1.4.1.1347.43.23.1.1.3' deviceIndex='true' refreshInterval='600' drvPrinterEvent='true'>
            <!-- List all Mailbox model numbers that attach to finisher unit -->
            <Lookup value='M-2107'/>
            <Lookup value='MT-710'/>
            <Lookup value='MT-1'/>
            <Lookup value='MB-720'/>
            <Lookup value='MT-720'/>
            <Lookup value='MT-720(B)'/>
            <Lookup value='MT-730'/>
          </Installed>
        </Property>

        <!-- ~~~~~ Job Separator Queries ~~~~~ -->
        <!-- "\Printer.Finishing.OutputBin.JobSeparator:Installed" Returns Boolean -->
        <Property name='JobSeparator'>
          <Installed name='Installed' oid='1.3.6.1.4.1.1347.43.23.1.1.3' deviceIndex='true' refreshInterval='600' drvPrinterEvent='true'>
            <!-- List all Job Separator model numbers -->
            <Lookup value='JS-710'/>
            <Lookup value='JS-700'/>
            <Lookup value='J-1402'/>
            <Lookup value='JS-410'/>
            <Lookup value='JS-670'/>
            <Lookup value='JS-720'/>
            <Lookup value='JS-420'/>
            <Lookup value='JS-700(B)'/>
            <Lookup value='JS-710(B)'/>
            <Lookup value='JS-670(B)'/>
            <Lookup value='JS-720(B)'/>
            <Lookup value='JS-5100'/>
            <Lookup value='JS-7100'/>
          </Installed>
        </Property>

        <!-- "\Printer.Finishing.OutputBin.InnerJobSeparator:Installed" Returns Boolean -->
        <Property name='InnerJobSeparator'>
          <Installed name='Installed' oid='1.3.6.1.4.1.1347.43.23.1.1.3' deviceIndex='true' refreshInterval='600' drvPrinterEvent='true'>
            <!-- List all Inner Job Separator model numbers -->
            <Lookup value='JS-730'/>
            <Lookup value='JS-732'/>
          </Installed>
        </Property>

        <!-- "\Printer.Finishing.OutputBin.RightJobSeparator:Installed" Returns Boolean -->
        <Property name='RightJobSeparator'>
          <Installed name='Installed' oid='1.3.6.1.4.1.1347.43.23.1.1.3' deviceIndex='true' refreshInterval='600' drvPrinterEvent='true'>
            <!-- List all Right Job Separator (a.k.a. "Right Tray") model numbers -->
            <Lookup value='JS-731'/>
          </Installed>
        </Property>
		<!-- "\Printer.Finishing.OutputBin.InnerShiftTray:Installed" Returns Boolean -->
		<Property name='InnerShiftTray'>
		  <Installed name='Installed' oid='1.3.6.1.4.1.1347.43.23.1.1.3' deviceIndex='true' refreshInterval='600' drvPrinterEvent='true'>
			<!-- List all Inner Shift Tray model numbers -->
		    <Lookup value='JS-7110'/>
		  </Installed>
		</Property>		
        <!-- ~~~~~ Booklet Folder Queries ~~~~~ -->
        <!-- "\Printer.Finishing.OutputBin.BookletFolder:Installed" Returns Boolean -->
        <Property name='BookletFolder'>
          <Installed name='Installed' oid='1.3.6.1.4.1.1347.43.23.1.1.3' deviceIndex='true' refreshInterval='600' drvPrinterEvent='true'>
            <!-- List all Booklet Folder model numbers -->
            <Lookup value='BF-710'/>
            <Lookup value='BF-1'/>
            <Lookup value='BF-720'/>
            <Lookup value='BF-720(B)'/>
            <Lookup value='BF-730'/>
			<Lookup value='BF-9100'/>
          </Installed>
        </Property>
		<!-- "\Printer.Finishing.OutputBin.ZFoldUnit:Installed" Returns Boolean -->
		<Property name='ZFoldUnit'>
			<Installed name='Installed' oid='1.3.6.1.4.1.1347.43.23.1.1.3' deviceIndex='true' refreshInterval='600' drvPrinterEvent='true'>
				<!-- List all Z Fold Unit model numbers -->
				<Lookup value='ZF-7100'/>
			</Installed>
		</Property>
      </Property>
    </Property>
  </Property>
</bidi:Schema>
