<!--
================================================================

  kyv4-oxps-pipelineconfig.xml

  Kyocera XPS v4 Driver Pipeline Configuration File
  Windows 8 and greater

  (C) 2024 KYOCERA Document Solutions Inc.

================================================================
-->

<Filters>
    <Filter dll            = "kyv4-filter.dll"
            clsid          = "{127e6d5b-3a48-455a-8dfb-316ebf8ec684}"
            name           = "kyv4ftelemetry">
            <Input   guid  = "{b8cf8530-5562-47c4-ab67-b1f69ecf961e}" comment="IID_IXpsDocumentProvider"/>
            <Output  guid  = "{4368d8a2-4181-4a9f-b295-3d9a38bb9ba0}" comment="IID_IXpsDocumentConsumer"/>
    </Filter>
    <Filter dll            = "kyv4-fjt.dll"
            clsid          = "{b9b52406-92d3-4721-86e6-3cf78f163676}"
            name           = "Joint Filter">
            <Input   guid  = "{b8cf8530-5562-47c4-ab67-b1f69ecf961e}" comment="IID_IXpsDocumentProvider"/>
            <Output  guid  = "{4368d8a2-4181-4a9f-b295-3d9a38bb9ba0}" comment="IID_IXpsDocumentConsumer"/>
    </Filter>
    <Filter dll            = "kyw8ptconv.dll"
            clsid          = "{9980EE5C-245B-40F5-97F0-9FF4DEBCF545}"
            name           = "Print Ticket filter">
            <Input   guid  = "{b8cf8530-5562-47c4-ab67-b1f69ecf961e}" comment="IID_IXpsDocumentProvider"/>
            <Output  guid  = "{4368d8a2-4181-4a9f-b295-3d9a38bb9ba0}" comment="IID_IXpsDocumentConsumer"/>
    </Filter>
    <Filter dll            = "XpsOXpsConv.dll"
            clsid          = "{93e9e8db-fd93-4ea8-a096-41e763e52a3b}"
            name           = "XpsOXpsConv">
            <Input   guid  = "{b8cf8530-5562-47c4-ab67-b1f69ecf961e}" comment="IID_IXpsDocumentProvider"/>
            <Output  guid  = "{65bb7f1b-371e-4571-8ac7-912f510c1a38}" comment="IID_IPrintWriteStream"/>
    </Filter>
    <FilterServiceProvider dll = "PrintConfig.dll"/>
</Filters>